task_id,run_idx,commits_succeeded,corrupted,confidence,reason,final_shard_0
django__django-11019,0,2,0,0.0,Error: HTTP Error 400: Bad Request,"[Agent1] ```python
queryset = MyModel.objects.select_related('related_model').order_by('related_model__field_name')
```"
django__django-11019,1,2,0,0.0,Error: HTTP Error 400: Bad Request,"[Agent3] ```python
queryset = MyModel.objects.select_related('related_model').order_by('related_model__field_name')
```"
django__django-11019,2,2,0,0.0,Error: HTTP Error 400: Bad Request,"[Agent2] ```python
queryset = MyModel.objects.select_related('related_model').order_by('related_model__field_name')
```"
django__django-11019,3,2,0,0.0,Error: HTTP Error 400: Bad Request,"[Agent3] ```python
queryset = YourModel.objects.select_related('related_model').order_by('related_model__field_name')
```"
django__django-11019,4,2,0,0.0,Error: HTTP Error 400: Bad Request,"[Agent1] ```python
# Change the ordering to use related model field
queryset = MyModel.objects.select_related('related_model').order_by('related_model"
django__django-12286,0,2,0,0.0,Error: HTTP Error 400: Bad Request,"[Agent3] ```python
if user.is_authenticated and user.is_admin:
```"
django__django-12286,1,2,0,0.0,Error: HTTP Error 400: Bad Request,"[Agent3] ```python
if user.is_authenticated and user.is_admin:
```"
django__django-12286,2,2,0,0.0,Error: HTTP Error 400: Bad Request,"[Agent0] ```python
if user.is_admin or user.has_permission('admin_action'):
```"
django__django-12286,3,2,0,0.0,Error: HTTP Error 400: Bad Request,"[Agent0] ```python
if user.is_admin or user.has_permission('admin_action'):
```"
django__django-12286,4,2,0,0.0,Error: HTTP Error 400: Bad Request,"[Agent1] ```python
if user.is_authenticated and user.has_perm('admin.change_permission'):
```"
django__django-13230,0,2,0,0.0,Error: HTTP Error 400: Bad Request,"[Agent0] ```python
# In the migration squasher function, add a check to detect circular dependencies.
if current_migration in visited:
    raise Excep"
django__django-13230,1,2,0,0.0,Error: HTTP Error 400: Bad Request,"[Agent3] ```python
# In the migration squasher logic, update the dependency resolution to handle circular dependencies:
if migration_a in dependencies"
django__django-13230,2,2,0,0.0,Error: HTTP Error 400: Bad Request,"[Agent1] ```python
# Change the order of migration processing to handle circular dependencies
self.migration_order = self.resolve_circular_dependencie"
django__django-13230,3,2,0,0.0,Error: HTTP Error 400: Bad Request,"[Agent1] ```python
# In the migration squasher logic, add a check to detect circular dependencies
if dependency in visited:
    raise CircularDependen"
django__django-13230,4,2,0,0.0,Error: HTTP Error 400: Bad Request,"[Agent1] ```python
# In the migration squasher function, add a check to track visited migrations to detect circular dependencies
visited = set()

def "
